modello,avg_wer,avg_time,avg_accuracy
whisper-base,0.2595826356051451,1.0430445056430178,0.740417364394855
whispercpp,0.2731802624244113,3.10274343766229,0.7268197375755887
Faster-base,0.4366234853167859,0.13992355545132146,0.5633765146832141
seamless-m4t-medium,12.321290697300425,12.967433310381939,-11.321290697300425
