modello,avg_wer,avg_time,avg_accuracy
FasterLargeV3,0.24743742999433188,0.2582956206591832,0.7525625700056682
whispercpp,0.17857947050091175,62.8107594167566,0.8214205294990884
